Id,first_name,first_name_draft,Category
916,NIAS,NIIAZ,1
590,IULIIA,ILMIRA,0
1604,SOFIA,TAMILLA,0
347,DMITRY,DMITRII,1
54,ALENA,SABINA,0
1629,SOFIA,TATIANA,0
1161,VALERIIA,MARIIA,0
917,NIAS,NIYAZ,1
1092,SUMAIA,SUMAIA,1
588,IULIIA,GALINA,0
857,MIRGUL,MIRGUL,1
491,GRIGIRY,GRIGORIY,1
807,MARINA,BARNO,0
1254,YULDOSHBOY,YULDOSHBOY,1
868,MUNIVER,MUNIVER,1
763,MARAT,AZAMAT,0
320,DIANA,ALENA,0
834,MAXIM,MAKSIM,1
1080,SOFIA,POLINA,0
1221,VITALIY,VITALIA,1
44,ALEKSEI,ALEXEI,1
1687,SUSANNA,NATALIA,0
526,ILYA,ILIA,1
215,ARTUR,AIGUL,0
1157,VALERII,VALERII,1
1297,ZHANNA,ZAIRA,0
938,NURSEIT,NURSEIT,1
1191,VIACHESLAV,VIACHESLAV,1
366,EKATERINA,EKATERINAMRS,1
1305,ZURABI,ZURABI,1
681,KURBAN,KURBAN,1
999,RADII,IURII,0
364,EGOR,EGOR,1
1159,VALERII,VALERY,1
861,MOHAMMAD,MOHAMMAD,1
1429,DALGATOV,MUSHTATOVA,0
1565,ALEKSEI,VALERIA,0
1703,MAKSIM,NATALIA,0
12,AIIUBJON,AIIUBJON,1
817,MARINA,MUNISA,0
771,MARCO,DARIA,0
1130,TIMUR,SIMON,0
973,PAVEL,PAVEL,1
630,KAMILA,MARIIA,0
338,DINA,DINA,1
1630,INNA,RUSLANA,0
422,ERZHENA,ERZHENA,1
1369,ARSLAN,VIACHESLAV,0
680,KSENYA,ALENA,0
1217,VITALII,VITALII,1
1753,URII,YURY,1
569,IRINA,MIRAIDA,0
913,NAVIDAKHMAD,NAVIDAKHMAD,1
1094,SUREN,SUREN,1
417,EMIL,EMIL,1
120,ALISA,IULIIA,0
0,ABDUFATOKH,ABDUFATOH,1
1573,NATALIA,NIKOLAY,0
97,ALINA,ELMIRA,0
595,IULIIA,IULIIA,1
712,LILIIA,IULIA,0
1100,SWETLANA,SVETLANA,1
650,KHAIRUDDIN,KHAIRUDDIN,1
741,LYDIA,DARIA,0
1269,YULIYA,ROZIYA,0
789,MARIIA,DARIA,0
123,ALISHER,ALISHER,1
980,POLINA,ARINA,0
1599,VANDA,TATIANA,0
657,KIRILL,KIRILL,1
222,ARZYLAN,ARZYLAN,1
674,KSENIYA,KASINIA,0
1113,TATIANA,TATIANA,1
798,MARIIA,MARIYA,1
1310,KSENIIA,KONSTANTIN,0
1296,ZHANAT,ZHANAT,1
225,ASEM,ASEM,1
1506,IVAN,EVGENIY,0
101,ALINA,IULIIA,0
1404,VITALIA,VIKTOROVNA,0
502,IANA,IANA,1
1165,VALERIJ,VALERIY,1
1647,OLGA,DILIARA,0
547,IRINA,DARIA,0
1,ABDURASUL,ABDUKARIM,0
395,ELENA,TAINA,0
952,OLESYA,ELENA,0
541,IRINA,ALENA,0
585,IULIA,IULIIA,1
1026,RODION,RODION,1
280,DARIA,ALINA,0
1247,YANINA,IANINA,1
1620,ILIA,ILESBEK,0
339,DINAR,DINAR,1
223,ASADBEK,ASADBEK,1
425,EUGENE,EVGENII,0
794,MARIIA,MAKSIM,0
154,ANASTASIYA,NATALIIA,0
753,MAIIA,GALINA,0
193,ARAM,ARAM,1
1046,SALAVAT,SALAVAT,1
1464,CHURKIN,BILIBIN,0
95,ALINA,DARIA,0
1515,ANNA,TAISIIA,0
1625,NURIZA,GULNARA,0
663,KRISTINA,KRISTINA,1
1332,KONSTANTIN,ANASTASIIA,0
456,FARIT,FARIT,1
77,ALEXSANDR,ALEKSANDR,1
1438,IRINA,GANCHURINA,0
394,ELENA,REGINA,0
1610,ALSU,NATALYA,0
46,ALEKSEJ,ALEKSEY,1
1153,VALERIA,VALERIA,1
396,ELENA,VLADA,0
160,ANATOLY,ANATOLY,1
1583,IANA,NATALIA,0
1532,LEILA,NATALIA,0
624,KAINA,LUIZA,0
1137,ULUGHBEK,ULUGHBEK,1
1166,VALERIY,VALERII,1
1536,ELENA,TATYANA,0
1656,ZHAMILIA,TATIANA,0
1528,SERGEI,ALEKSEY,0
1005,RAKHMAN,RAHMAN,1
139,ANAIKHAAK,ANAYKHAAK,1
96,ALINA,DIANA,0
964,OVANES,OVANES,1
484,GEORGIY,SERGEY,0
872,MYRZABAY,MYRZABAI,1
271,DAMIRA,DAMIRA,1
375,ELCHIN,ELCHIN,1
1702,IRINA,DMITRII,0
1621,LIUDMILA,ZINAIDA,0
1446,TATIANA,YEKATERINA,0
100,ALINA,IULIANA,0
242,BAKHTIER,BAKHTIER,1
1418,ANGELINA,ANASTASIIA,0
632,KAPITALINA,KAPITALINA,1
403,ELINA,KARINA,0
825,MARIYA,MARIA,1
549,IRINA,ELENA,0
221,ARUNA,FAINA,0
1454,NANI,KONSTANTIN,0
1510,MADINA,NATALYA,0
1227,VITALY,VITALY,1
1459,NATALIA,YEKATERINA,0
455,FARIDA,IRINA,0
933,NURGUN,NIURGUN,1
1420,MAKSUDA,ALEKSANDRA,0
1736,OLGA,NARGISA,0
1021,RINA,RINA,1
843,MIKAEL,MIKAEL,1
1635,IVANNA,KAYHONA,0
1406,SEVARA,ALEKSANDRA,0
1285,ZAGIDAT,ZAGIDAT,1
863,MUKHAMETOV,MUKHAMETOV,1
852,MILANA,MILANA,1
1724,ILIYA,NATALIA,0
989,POLINA,PARVINA,0
142,ANASTASIA,ANASTASIA,1
1035,ROZA,ROZA,1
751,MAGOMED,MAGOMED,1
1141,ULYANA,YULYA,0
1127,THOMAS,THOMAS,1
27,ALBINA,GALIIA,0
1043,SABINA,SABINA,1
1615,DINARA,TATIANA,0
700,LIANA,LYANA,1
65,ALEXANDR,ALEKSANDR,1
1389,INESSA,ANASTASIIA,0
959,OLIA,JLGA,1
869,MUNKO,MUNKO,1
1401,NADIRA,ANASTASIIA,0
316,DENIS,DANILA,0
620,JULIA,YULIYA,1
1089,STANISLAV,STANISLAV,1
1276,YURIS,YURIS,1
1755,DANIIL,DANYA,1
1503,MADINA,NATALIA,0
1380,MARIYA,ANASTASIYA,0
312,DARYA,ZARINA,0
651,KHAIT,MIKHAIL,0
1309,AMATA,ANASTASIIA,0
326,DIANA,DILYARA,0
1325,ARYSTABEK,ANASTASIIA,0
1643,LEONID,ALEKSEY,0
1099,SVIATOSLAV,SVYATOSLAV,1
754,MAIIA,IRINA,0
1710,MIZROB,MIKHAIL,0
60,ALEVTINA,ALEVTINA,1
978,POLINA,ALENA,0
1241,VYACHESLAV,VIACHESLAV,1
1064,SERGEY,SEMEN,0
254,BOBURBEK,BOBURBEK,1
1330,AZIZJON,FARRUKHJON,0
1378,KSENIYA,ALEKSANDRA,0
1705,MAKSIM,DMITRIJ,0
186,ANUTA,ARYUNA,0
735,LIUDMILA,LYUDMILA,1
610,JANNA,MAYSA,0
135,AMINA,MILANA,0
247,BEKMUROD,BEKMUROD,1
200,ARINA,KARINA,0
1274,YURA,YURI,1
510,ILDUS,ILDUS,1
1055,SAVVA,SAVVA,1
1400,ALISA,ALEKSANDRA,0
1580,ELENA,ALEKSEI,0
559,IRINA,LARISA,0
1014,RAZIYA,RAZIYA,1
1049,SANDAL,SANDAL,1
714,LILIIA,LILIYA,1
337,DINA,ANNA,0
226,ASET,ASET,1
788,MARIIA,ALISA,0
745,LYUBOV,LYUBOV,1
1718,ANTONINA,TATIANA,0
1261,YULIYA,ALISA,0
420,ERDEM,ERDEM,1
134,AMINA,KARYNA,0
689,LARISA,SHARIFA,0
1179,VASILISA,VALERIIA,0
901,NATALIIA,ANASTASIIA,0
639,KARINA,EKATERINA,0
1411,KSENIA,KONSTANTIN,0
1116,TATIANA,TATYANA,1
263,CHIMITTSOU,CHIMITTSOU,1
1216,VIOLETTA,VIOLETTA,1
704,LIDIIA,LIUDMILA,0
1467,VALERII,EVGENIY,0
534,INNA,ANNA,0
1616,IRINA,KSENIIA,0
1470,DIANA,KSENIYA,0
564,IRINA,MADINA,0
580,ISLAM,IGNAT,0
324,DIANA,DASHA,0
1480,IULIIA,NIKOLAI,0
110,ALINA,YELENA,0
1357,ASLAN,VIACHESLAV,0
816,MARINA,MUNIRA,0
1725,VADIM,EVGENIY,0
1356,GULNORA,GULCHACHAK,0
911,NATALYA,NATALIU,1
736,LIYA,LIIA,1
18,AKHMED,AKHMED,1
1219,VITALINA,VIKTORIYA,0
105,ALINA,LYANA,0
293,DARIA,MADINA,0
380,ELENA,DIANA,0
292,DARIA,IRINA,0
69,ALEXANDRA,ALEKSANDR,0
1471,ALEKSANDR,ALECSEI,0
758,MAKAR,MAKAR,1
1195,VICTOR,VIKTOR,1
1365,ALISHER,ALEKSANDRA,0
619,JULIA,YULIA,1
1371,IRINA,YEKATERINA,0
1337,VALENTINA,ALEKSANDRA,0
404,ELIZAVETA,ELIZAVETA,1
122,ALISA,MARINA,0
310,DARYA,MARYANA,0
1295,ZHAMIL,ZHAMIL,1
294,DARIA,MARIIA,0
908,NATALIYA,NATALIIA,1
960,OLIA,OLGA,1
532,INGA,ANNA,0
306,DARYA,DILIA,0
1424,ROSTISLAV,VIACHESLAV,0
1244,YAKOV,IAKOV,1
1458,NATALIIA,KONSTANTIN,0
371,EKATERINA,VASELINA,0
488,GEVORG,GEVORG,1
655,KIRA,KIRA,1
692,LEONID,DENIS,0
1611,IRINA,TATYANA,0
523,ILONNA,ILONA,1
1003,RAHIBA,NADIA,0
210,ARSENY,ARSENII,1
811,MARINA,ELVINA,0
1266,YULIYA,JULIA,1
1767,BAKYTBEK,BAKYT,1
1338,VALENTINA,YEKATERINA,0
1523,ELVIN,ILGIZAR,0
1511,YANA,NATALIY,0
1163,VALERIIA,VALERIYA,1
1252,YEVGENIY,YEVGENIY,1
1293,ZAREMA,ZAREMA,1
1081,SOFIA,SOFIA,1
489,GHENADII,GENNADII,1
487,GERMAN,SEMEN,0
851,MILANA,IRINA,0
856,MILENA,MILENA,1
996,POLINA,YULIYA,0
331,DIERBEK,DIYORBEK,1
548,IRINA,DIANA,0
170,ANDREY,ANDREYMR,1
1766,NALALIYA,NATALIIA,1
596,IULIIA,LIDIIA,0
1570,NATALIA,ZINAIDA,0
1160,VALERIIA,EKATERINA,0
768,MARAT,MAXIM,0
1632,MAMURA,NATALYA,0
1598,ZIMFIRA,VARVARA,0
1162,VALERIIA,VALERIIA,1
211,ARTEM,ANTON,0
1542,DARINA,NALALIA,0
879,NADIA,LARISA,0
966,OXANA,ELENA,0
495,GULMIRA,GULMIRA,1
813,MARINA,MARINA,1
578,IRINA,ZILIA,0
1530,IVAN,MIKHAIL,0
55,ALENA,ZARINA,0
469,GALINA,IULIIA,0
266,COSKUN,CHOSHKUN,1
1031,ROMAN,ROMAN,1
37,ALEKSANDR,ALEXANDR,1
1287,ZALINA,ELENA,0
948,OLESIA,ELENA,0
886,NAIL,NAIL,1
256,BOKHODIR,BOKHODIR,1
697,LEVON,LEVON,1
1756,EVGENIA,EVGENIIA,1
1491,IRINA,DMITRIY,0
1175,VASIL,VASIL,1
551,IRINA,FARIDA,0
11,AIGUL,AIGUL,1
971,PAUL,PAVEL,1
1636,ZAIRA,NATALIA,0
1517,OLGA,NATALYA,0
826,MARIYA,MARIIA,1
967,OXANA,IANA,0
367,EKATERINA,EKKATERINA,1
150,ANASTASIUA,ANASTASIIA,1
1390,OKSANA,KONSTANTIN,0
1037,RUBIK,RUBIK,1
1547,TATYANA,MAMAEVA,0
1659,SOFIA,EVGENIA,0
1451,VIKTORIIA,KAPITOLINA,0
448,EVGENIYA,KSENIYA,0
1546,MAKSIM,SADIIAR,0
1301,ZOIA,ZOIA,1
107,ALINA,MARIYA,0
47,ALEKSEY,ALEKSEI,1
613,JULIA,DARIA,0
265,CHODURAA,CHODURAA,1
140,ANARA,ANARA,1
1385,SVELANA,ALEKSANDRA,0
1672,ANTONINA,KSENIYA,0
981,POLINA,ELENA,0
1313,IRINA,ELIUSHKINA,0
1010,RAMIS,RAMIS,1
518,ILMIRA,ILMIRA,1
1412,STANISLAVA,VIACHESLAV,0
127,ALMAZ,ALMAZ,1
1439,IOANN,KONSTANTIN,0
1147,VAGRAM,VAGRAM,1
731,LIUBOV,LYUBOV,1
1399,ULIANA,ALEKSANDRA,0
1085,SOFYA,DARYA,0
259,BORIS,YURIY,0
288,DARIA,DARYA,1
1679,ZAMIRA,INTIZAR,0
1529,MURAT,SALAVAT,0
719,LILIYA,ALINA,0
384,ELENA,ELVIRA,0
1211,VIKTORIIA,VIKTORIYA,1
1226,VITALY,VITALIY,1
537,IRAIDA,IRAIDA,1
132,AMINA,ALINA,0
1457,INNOKENTII,KONSTANTIN,0
921,NIKOLAI,NIKOLA,1
1231,VLADIMIR,VADIM,0
311,DARYA,SOFYA,0
782,MARIANNA,DAIANA,0
1486,LARISA,VASILIY,0
370,EKATERINA,VALERIYA,0
1047,SAMARA,SAMARA,1
840,MICHAIL,MIKHAIL,1
59,ALESIA,ELENA,0
270,DAMIR,SAMAD,0
84,ALFIYA,ALFIIA,1
41,ALEKSEI,ALEKSEJ,1
1749,ALEXEI,ALEKSEY,1
929,NILUFAR,NILUFAR,1
1374,IRINA,EFROSINIIA,0
1257,YULIA,IULIIA,1
1178,VASILII,VASILY,1
1619,MARHABO,TATIANA,0
1444,ELENA,OLEKSANDRA,0
824,MARIYA,MALIKE,0
690,LENAR,LENAR,1
1499,IRINA,EVGENIA,0
1044,SAIZANA,SAYZANA,1
1507,YULIA,NATALYA,0
583,ISMOIL,ISMOIL,1
1737,IULIIA,DMITRII,0
1229,VLADA,ELENA,0
646,KHABIBULLO,KHABIBULLO,1
1433,NATALYA,NAMTSARAEV,0
1554,NIKOLAI,VITALIY,0
573,IRINA,POLINA,0
276,DANIL,PAVEL,0
461,GALIIA,GALIIA,1
1169,VALERIYA,EKATERINA,0
930,NINA,NINA,1
389,ELENA,KSENIA,0
1123,TATYANA,TATIYANA,1
1428,LIUDMILA,ULADZISLAU,0
1066,SERGEY,SERGEJ,1
424,ESENIIA,YESENIA,1
1222,VITALIY,VITALII,1
654,KHUSRAV,KHUSRAV,1
1032,ROMAN,RUSLAN,0
75,ALEXEY,ALEXEY,1
1111,TATIANA,SARDANA,0
802,MARINA,ADIBA,0
809,MARINA,DARYA,0
197,ARINA,DARYA,0
698,LEYLA,LEILA,1
781,MARIA,TARONA,0
1280,YURY,YURII,1
1182,VASILIY,VASILII,1
1776,ALEXANDR,ALEXANDRA,0
297,DARIA,SABINA,0
1689,IRINA,GIUZIAL,0
1256,YULIA,GALINA,0
699,LIANA,LIANA,1
715,LILIIA,POLINA,0
725,LINARA,ELINA,0
757,MAIYA,ALINA,0
483,GEORGIY,GEORGY,1
796,MARIIA,MARIA,1
447,EVGENIYA,EVGENIYA,1
240,AZIIANA,AZIYANA,1
1709,IVAN,SUSANNA,0
1622,YANA,EVGENIA,0
1364,ROZALIIA,ANASTASIIA,0
1278,YURIY,YURII,1
438,EVGENIY,ARSENIY,0
325,DIANA,DIANA,1
171,ANDREY ,ANDREY,1
333,DILDORAKHON,DILDORAKHON,1
1279,YURIY,YURIY,1
1768,MAKSIM,MAKXIM,1
1534,JASUR,JURABEK,0
91,ALINA,AFSANA,0
421,ERZHENA,ELENA,0
1493,MARIYA,VALERII,0
884,NAFISAKHON,NAFISAKHON,1
354,DULAT,DULAT,1
1190,VERONIKA,VERONIKA,1
213,ARTEMII,ARTEMII,1
1345,VASILINA,ANASTASIYA,0
315,DENI,DENI,1
21,ALAN,ALAN,1
1576,TOMILLA,NATALIA,0
1242,VYACHESLAV,VLADISLAV,0
1289,ZALINA,TATIANA,0
1082,SOFIIA,SOFIIA,1
1041,RUSTAM,RUSTAM,1
1307,ELENA,ALEKSANDRA,0
1691,MARINA,ZINAIDA,0
1742,NIJAT,SOIBJON,0
895,NATALIA,NAIALIA,1
359,DZHAMILYA,DZHAMILIA,1
985,POLINA,JULIA,0
1483,EVGENIY,DMITRIY,0
1744,RAMZAN,SANDZHI,0
1497,KARINA,NATALIA,0
631,KAMILLA,KAMILLA,1
611,JIAXING,JILONG,0
945,OLEH,OLEH,1
557,IRINA,IULIIA,0
821,MARINA,TATIANA,0
1168,VALERIY,VALERIY,1
1098,SVIATOSLAV,SVIATOSLAV,1
409,ELVINA,IRINA,0
1069,SHAKHLAR,SHAKHLAR,1
591,IULIIA,ILONA,0
1311,ANTON,KONSTANTIN,0
1133,UILIIA,IULIIA,1
726,LINARA,LINARA,1
1564,ILIA,TATIANA,0
1129,TIMUR,LINAR,0
117,ALISA,ELENA,0
893,NASYRBEK,NASYRBEK,1
1437,INESSA,ANASTASIYA,0
791,MARIIA,IRINA,0
64,ALEXANDER,ALEXANDR,1
586,IULIIA,ALFIIA,0
1320,ASILA,ANASTASIIA,0
864,MUKHAMMAD,MUKHAMMAD,1
1481,MIKHAIL,DMITRIY,0
769,MARAT,MEKAN,0
513,ILIA,ILIA,1
1192,VIACHESLAV,VLADISLAV,0
1713,MAXIM,VASILIY,0
1427,NAIDA,ANASTASIIA,0
1057,SEMEN,ELENA,0
671,KSENIIA,KSENIIA,1
514,ILIA,ILIYA,1
1388,IASMINA,ANASTASIIA,0
1586,NATALIA,MANSIYA,0
58,ALESIA,ALESYA,1
1631,MARIIA,TATYANA,0
195,ARINA,AFSANA,0
126,ALMAS,ALMAS,1
1527,ELISEI,DMITRII,0
1128,TIMOFEI,TIMOFEI,1
408,ELVINA,ELVINA,1
592,IULIIA,IRINA,0
1202,VIKTORI,VIKTORIA,1
1731,ASLIDDIN,VASILIY,0
626,KAMAL,KAMAL,1
1188,VERA,VERA,1
1251,YEVGENIY,EVGENII,1
1563,MARIA,VASILII,0
892,NASTYA,DARYA,0
805,MARINA,ALENA,0
1443,LEMIRA,ALEKSANDRA,0
1314,MARIIA,ANASTASIIA,0
1551,MAKSIM,ALEKSEY,0
71,ALEXANDRA,ALEXANDRA,1
1139,ULYANA,ULIANA,1
1366,KATRINA,ANASTASIIA,0
1752,VARVARA,VARYA,1
576,IRINA,ULIANA,0
474,GALINA,NELIA,0
1561,GALINA,ANISIIA,0
1739,ULIANA,NATALIA,0
1073,SHAUKAT,SHAUKAT,1
234,AYAN,AIAAN,1
515,ILIA,ILYA,1
507,IEGOR,EGOR,1
865,MUKHAMMADI,MUKHAMMADI,1
1027,RODION,RODIONMR,1
1120,TATYANA,SANANA,0
190,ANZHELINA,ANZHELINA,1
169,ANDREY,ANDREY,1
287,DARIA,DARIYA,1
436,EVGENIJ,EVGENIY,1
1124,TATYANA,TATJYANA,1
1262,YULIYA,AMIYA,0
1152,VALENTINA,VALERIIA,0
881,NADIA,NIIAZ,0
1326,VALERIYA,ANASTASIYA,0
800,MARIJA,NAIDA,0
418,EMILIIA,EMILIIA,1
746,LYUDMILA,LIUDMILA,1
1603,SERGEI,KSENIIA,0
497,GULNARA,DILYARA,0
269,DAMIR,BATYR,0
1657,ANDREY,DMITRIY,0
1109,TATIANA,MADINA,0
423,ESENIIA,ESENIIA,1
555,IRINA,INDIRA,0
1698,SAULE,NATALIA,0
572,IRINA,OXANA,0
1131,TIMUR,TIMUR,1
986,POLINA,KARINA,0
379,ELENA,ALISA,0
910,NATALYA,NATALIA,1
1233,VLADIMIR,VLADISLAV,0
329,DIANA,ELINA,0
703,LIDIIA,LIDIIA,1
1522,LARISA,NATALIA,0
1136,ULIANA,ULYANA,1
780,MARIA,MARIYA,1
1717,ILYA,VASILIY,0
1665,VUSALA,TATYANA,0
141,ANASTASIA,ANASTACIA,1
1432,ANDREI,ISLAMGEREI,0
947,OLENA,OLENA,1
806,MARINA,ALINA,0
1355,TUIANA,OKTIABRINA,0
350,DMITRY,DMITRY,1
343,DMITRII,IURII,0
961,OLIVIIA,OLIVIIA,1
1398,MARINA,NIURGUIANA,0
1171,VALERIYA,VIKTORIYA,0
608,IZZATILLO,IZZATILLO,1
392,ELENA,OLESYA,0
762,MAKSIM,VADIM,0
1290,ZALINA,YULIA,0
249,BELIGMA,BELIGMA,1
1312,KRISTINA,ANASTASIYA,0
1030,ROMAN,RODION,0
291,DARIA,GALINA,0
398,ELEONORA,ELEONORA,1
465,GALINA,DARIMA,0
13,AISULA,AISULA,1
1714,MARINA,NATALYA,0
1392,GALINA,DANCHINOVA,0
453,FAIG,FAIG,1
458,FEDOR,FEDOR,1
1673,MIKHAIL,IBRAGIM,0
1158,VALERII,VALERIY,1
1609,SEVARA,TATIANA,0
1185,VASILY,VASILII,1
983,POLINA,IRINA,0
628,KAMILA,KAMILA,1
1695,SEMEN,ALEKSEI,0
653,KHETAG,KHETAG,1
295,DARIA,NADIR,0
348,DMITRY,DMITRIJ,1
388,ELENA,KLARA,0
406,ELNARA,ELENA,0
191,ANZHIL,ANZHIL,1
1754,IURII,YURY,1
1494,IVAN,TATIANA,0
1540,ILKIN,DMITRIY,0
849,MILANA,AIYYLANA,0
1183,VASILIY,VASILIY,1
410,ELVINA,MARINA,0
216,ARTUR,ARTUR,1
977,PETR,PETR,1
1025,ROBERT,ROBERT,1
1117,TATIANA,TUIARA,0
926,NIKOLAY,NIKOLAI,1
480,GEORGII,GEORGII,1
1524,ELENA,ALEKSEY,0
146,ANASTASIA,NATALIIA,0
1466,ZHANNA,EVGENIA,0
368,EKATERINA,KARINA,0
1271,YULIYA,YULIA,1
1260,YULIYA,ALINA,0
1006,RAKHMAN,RAKHMAN,1
1448,NASIM,ANASTASIIA,0
490,GLEB,GLEB,1
1435,NATIG,ANASTASIYA,0
1105,TATIANA,ALINA,0
2,ABOV,ABOV,1
1283,YURY,YURY,1
1377,MARGARITA,ANASTASIIA,0
649,KHAFIS,KHAFIS,1
684,LARISA,ALINA,0
727,LINARA,NARAN,0
175,ANNA,IANINA,0
1207,VIKTORIIA,VALERIIA,0
314,DAVID,DAVID,1
733,LIUDMILA,LIUDMILA,1
990,POLINA,POLINA,1
853,MILANA,ZLATA,0
748,LYUZIYA,LYUZIYA,1
897,NATALIA,NATALIIA,1
1007,RAKIF,GABIL,0
1302,ZORIK,ZORIK,1
972,PAVEL,PARVIZ,0
1167,VALERIY,VALERIJ,1
1208,VIKTORIIA,VICTORIA,1
832,MATVEY,MATVEI,1
1623,AZIZA,TATYANA,0
241,BAIR,BAIR,1
24,ALBERT,ALBINA,0
1490,EVGENII,KSENIYA,0
357,DZHAFAR,DZHAFAR,1
644,KEMRAN,KEMRAN,1
1317,KRISTINA,ANASTASIIA,0
501,HANNA,HANNA,1
1425,ADELINA,ALEKSANDRA,0
1582,KIRILL,DMITRII,0
1677,AIBEK,ALEKSEI,0
196,ARINA,ARINA,1
550,IRINA,ELVINA,0
786,MARIANNA,ZARINA,0
1024,RIZMA,RIZMA,1
1640,RUSTAM,ARSALAN,0
1597,ANASTASIIA,NATALYA,0
721,LILIYA,IULIIA,0
1488,RAVANA,NARGIZA,0
1045,SAKHIB,SAKHIB,1
1372,KONOVALOV,KONSTANTIN,0
1668,MARIFAT,TATIANA,0
871,MURODJON,MURODJON,1
1097,SVETOSLAV,SVETOSLAV,1
504,IAROSLAV,IAROSLAV,1
51,ALENA,IRINA,0
677,KSENIYA,KSENIIA,1
476,GALINA,TATIANA,0
943,OKSANA,OXANA,1
635,KARIMDZHON,KARIMDZHON,1
103,ALINA,KAMILA,0
1237,VLADISLAVA,VLADISLAV,0
1683,IRENA,TATIANA,0
1265,YULIYA,IULIIA,1
848,MIKHAIL,MIRJALIL,0
1774,ALEKSANDR,ALEKSANDRA,1
1255,YULIA,ALINA,0
1745,AYSHAT,DASHIMA,0
207,ARMAN,ANVAR,0
1445,ANASTASIIA,ABDURASHID,0
1674,SAHIB,NATALIA,0
25,ALBINA,ALBINA,1
955,OLGA,INGA,0
846,MIKHAIL,MIKHAIL,1
328,DIANA,ELIINA,0
1004,RAISA,RAISA,1
1764,JUN,JUNHWA,1
1333,ELENA,ALEXSANDRA,0
1455,AYDAR,SAIDZHAFAR,0
1519,OKSANA,NATALIA,0
597,IULIIA,LILIYA,0
1772,JAMOLBEK,JAMOLBEK,1
935,NURILA,NURILA,1
345,DMITRIY,DMITRIY,1
246,BAYAS,BULAT,0
300,DARIA,YULIA,0
1019,RIMMA,IRINA,0
1205,VIKTORIA,VIKTORIIA,1
818,MARINA,POLINA,0
616,JULIA,IULIIA,1
1734,MAYSARA,NATALIA,0
399,ELINA,DIANA,0
431,EVGENII,EVGENY,1
441,EVGENIY,EVGENIY,1
1306,KSENIIA,ANASTASIIA,0
1740,ANNA,GULNARA,0
1461,VASILISA,ANASTASIIA,0
238,AZAT,AZAT,1
775,MARIA,ALISA,0
600,IULIIA,YULIYA,1
1067,SERGEY,SERGEY,1
601,IULIIA,ZALINA,0
16,AIZA,AYZA,1
1775,ALEKSAND,ALEKSANDRA,1
478,GENNADIY,GENNADII,1
847,MIKHAIL,MIKXAIL,1
1361,NARANA,ANASTASIYA,0
1688,ANNA,VALERIA,0
622,JULIYA,ULARA,0
1478,IVAN,NIKOLAI,0
1054,SATBEY,SATBEI,1
1555,ANTON,TATYANA,0
890,NAREK,NAREK,1
1747,DMITRII,VITALIY,0
954,OLESYA,OLESYA,1
435,EVGENIJ,EVGENII,1
111,ALIONA,ALENA,1
485,GERASIM,GERASIM,1
1104,TARON,KARINE,0
1379,VITALII,ANASTASIIA,0
790,MARIIA,DARINA,0
162,ANDI,ANDI,1
1585,ELENA,DILNURA,0
437,EVGENIJA,EVGENIYA,1
747,LYUDMILA,LYUDMILA,1
1571,ANNA,ALISIIA,0
833,MATVEY,MATVEY,1
180,ANTON,ARSEN,0
307,DARYA,KARINA,0
659,KLARA,KLARA,1
172,ANGELINA,ANGELINA,1
286,DARIA,DARIIA,1
577,IRINA,ZAIRA,0
1382,NIRANJAN,KONSTANTIN,0
1056,SAYYYNA,SAIYYNA,1
80,ALFIA,SOFIIA,0
1634,IRINA,ADELIYA,0
1502,IULIIA,TATIANA,0
232,ASLSN,ASLAN,1
951,OLESYA,ALENA,0
313,DAVID,DANIEL,0
1172,VALERY,VALERY,1
67,ALEXANDR,ALEXANDER,1
520,ILONA,ALIYA,0
530,ILZIIA,ILZIIA,1
35,ALEKSANDR,ALEKSANDR,1
516,ILIAS,ELDAR,0
36,ALEKSANDR,ALEXANDER,1
1482,OLEG,TIMOFEI,0
691,LEONARDO,LEONARDO,1
52,ALENA,KARINA,0
1395,AKMARAL,VIKTORIIAL,0
220,ARTYOM,ARTYOM,1
1413,ANTONINA,ANASTASIUY,0
1268,YULIYA,MARIYA,0
90,ALIK,ALIK,1
831,MARTA,MARTA,1
224,ASEL,ASEL,1
206,ARMAN,ANTON,0
827,MARIYA,MARIYA,1
451,EVGENY,EVGENIY,1
152,ANASTASIYA,ANASTASIIA,1
720,LILIYA,IRINA,0
1112,TATIANA,TAMARA,0
336,DILSHODZHON,DILSHODZHON,1
1521,EVGENII,DMITRII,0
743,LYUBOV,LIUBOV,1
385,ELENA,GALINA,0
1545,DMITRII,MIKHAIL,0
356,DULUUR,DZHULUUR,1
1403,RISKIIA,ANASTASIIA,0
1062,SERGEI,SERGEY,1
1277,YURIY,IURII,1
467,GALINA,GALINA,1
1341,VITALIA,ANASTASIIA,0
1059,SEMEN,SERGEI,0
166,ANDREY,ALEXEY,0
812,MARINA,MARAT,0
722,LILIYA,LILIIA,1
427,EVGENIA,ELENA,0
1581,NURIZA,NATALIA,0
1321,VENERA,ALEKSANDRA,0
1535,EKATERINA,NATALIA,0
522,ILONA,IRINA,0
675,KSENIYA,KASINIIA,0
1449,ROVSHANZHON,KONSTANTIN,0
1601,GALINA,KSENIYA,0
334,DILFUZA,DILFUZA,1
1173,VALRIYA,VALERIYA,1
1106,TATIANA,GALINA,0
540,IRINA,ALBINA,0
867,MUMINAT,MUMINAT,1
219,ARTUR,MANSUR,0
694,LEV,LEV,1
153,ANASTASIYA,ANASTASIYA,1
56,ALESIA,ALEKSEI,0
1456,ISKANDAR,ALEKSANDRA,0
687,LARISA,LARISA,1
744,LYUBOV,LUYBOV,1
925,NIKOLAY,NIKITA,0
235,AYCHUREK,AICHUREK,1
934,NURGUN,NURGUN,1
63,ALEXANDER,ALEXANDER,1
1472,EKATERINA,TATIANA,0
1074,SHERZODJON,SHERZODJON,1
629,KAMILA,MALIKA,0
1224,VITALLA,VITALIIA,1
183,ANTONINA,ANTON,0
797,MARIIA,MARIIA,1
1612,NATALIYA,TATYANA,0
1353,ANATOLY,ANASTASIIA,0
419,ENRICO,ENRICO,1
1327,ALBINA,ALEKSANDRA,0
87,ALFYA,ALFIIA,1
587,IULIIA,ALINA,0
1568,VALENTINA,TATIANA,0
820,MARINA,SARBINAZ,0
267,DAIR,DAIR,1
1558,VASILIY,DMITRIY,0
685,LARISA,GALINA,0
349,DMITRY,DMITRIY,1
1009,RAMIL,RAMIL,1
560,IRINA,LIDIIA,0
1329,VIKTORIYA,ANASTASIYA,0
1525,ANDREI,ALEKSEY,0
1291,ZALINA,YULIYA,0
466,GALINA,ELENA,0
1177,VASILII,VASILIY,1
1087,SOLTAN,SOLTAN,1
1596,LILIIA,NURLANA,0
1685,MAXIM,DMITRII,0
819,MARINA,REGINA,0
604,IURII,IULIIA,0
1028,ROMAN,KANAN,0
1194,VICTOR,VICTOR,1
1201,VIKTOR,VIKTOR,1
1155,VALERIA,VALERIYA,1
866,MUKHAMMADI,MUKHMMADI,1
1660,VIKTORIA,DMITRIY,0
309,DARYA,MARINA,0
752,MAIIA,AMINA,0
378,ELENA,ALESYA,0
1101,TAIR,TAIR,1
19,AKIM,AKIM,1
1051,SAPIIAT,SAPIIAT,1
1711,VASILII,EVGENII,0
1670,PETR,BELIKTO,0
181,ANTON,ARTEM,0
1441,ANASTASIA,KONSTANTIN,0
14,AITALINA,AITALINA,1
1771,LIUBOV,LIUDMILA,1
1460,KATRINA,ANASTASIYA,0
1495,STANISLAV,TATIANA,0
1225,VITALY,VITALII,1
66,ALEXANDR,ALEKSNDR,1
251,BELLA,BELLA,1
1072,SHAPI,SHAPI,1
1684,VASILIY,EVGENIY,0
1209,VIKTORIIA,VIKTORIA,1
201,ARINA,POLINA,0
906,NATALIYA,ANASTASIIA,0
987,POLINA,MADINA,0
124,ALIYA,ALIIA,1
335,DILIARA,ILNARA,0
1500,TAKHMINA,CHIMITA,0
387,ELENA,JANNA,0
1282,YURY,YURIY,1
1212,VIKTORIYA,VICTORIA,1
1442,BOBURJON,ALISHERJON,0
1063,SERGEL,SERGEY,1
1434,KOMOLIDDIN,KONSTANTIN,0
1018,RIFAT,RIFAT,1
167,ANDREY,ANDREI,1
1450,NASIM,ANASTASIYA,0
1331,NARGIZA,ANASTASIIA,0
561,IRINA,LILIIA,0
1669,MAKSIM,VALERII,0
1215,VIKTORIYA,VIKTRORIYA,1
1588,MARINA,NATASHA,0
718,LILIT,LILIT,1
556,IRINA,IRINA,1
1587,INNA,GULNARA,0
1039,RUSLAN,RUSLAN,1
365,EKATERINA,EKATERINA,1
94,ALINA,AZALIYA,0
99,ALINA,IRINA,0
640,KARINA,KARINA,1
636,KARIMDZHON,KARIMOZHON,1
42,ALEKSEI,ALEKSEQ,1
440,EVGENIY,EVGENIJ,1
1373,MARINA,KAPITALINA,0
1176,VASILII,VASILII,1
1627,YULIA,TATIANA,0
401,ELINA,ELINA,1
1569,SANIIAT,TATIANA,0
1154,VALERIA,VALERIIA,1
136,AMINA,TATIANA,0
1138,ULYANA,OKSANA,0
239,AZIIANA,AZIIANA,1
984,POLINA,IULIIA,0
1721,LALITA,KSENIIA,0
1102,TAMARA,TAMARA,1
662,KRISTINA,ALEVTINA,0
393,ELENA,POLINA,0
896,NATALIA,NATALIA,1
512,ILEZ,ILEZ,1
83,ALFIIA,VALERIIA,0
125,ALLA,ALLA,1
1733,VASILIY,TATIANA,0
922,NIKOLAI,NIKOLAI,1
1394,AYANA,ALEKSANDRA,0
574,IRINA,RAISA,0
665,KSENIA,KSENIA,1
618,JULIA,MARIA,0
1184,VASILIY,VASILY,1
1186,VASILY,VASILY,1
178,ANTON,ANTON,1
539,IRIDA,MARIIA,0
1426,VITALIY,ANASTASIYA,0
844,MIKHAIL,MICHAIL,1
17,AKAI,AKAI,1
701,LIANA,TATIANA,0
1430,YEVGENIY,YEKATERINA,0
1199,VIKORIYA,VIKTORIIA,1
1042,RUSTAMDZHON,RUSTAMDZHON,1
1407,ALISA,STANISLAVA,0
1474,ANDREI,DMITRII,0
1759,ARTEM,ARTYOM,1
299,DARIA,VADIM,0
500,GUZEL,GUMRAL,0
352,DORZHU-BELEK,DORZHUBELEK,1
1259,YULIA,YULIYA,1
643,KAZYAK,KAZYAK,1
129,ALYONA,ALIONA,1
1746,OCHIR,MIKHAIL,0
1033,ROMAN,SOSLAN,0
1339,ANASTASIIA,KONSTANTIN,0
533,INGA,INGA,1
1151,VALENTINA,VALENTINA,1
749,MADINA,IRINA,0
1652,AMINA,NATALIA,0
1605,ZIMFIRA,KSENIIA,0
257,BORIS,BORIS,1
391,ELENA,OLESIA,0
449,EVGENY,ELENA,0
290,DARIA,DINARA,0
641,KATERINA,KATERINA,1
1002,RAFAEL,RAFAEL,1
974,PAVEL,PAVELMR,1
179,ANTON,ANTONMR,1
1342,ALISYA,ALEKSANDRA,0
521,ILONA,ILONA,1
1743,MASTONA,NATALIA,0
70,ALEXANDRA,ALEKSANDRA,1
850,MILANA,ALINA,0
919,NIKITA,NIKOLAI,0
209,ARSENII,ARSENII,1
1122,TATYANA,TATIANA,1
1292,ZALINA,ZALINA,1
112,ALIONA,ALYONA,1
1065,SERGEY,SERGEI,1
369,EKATERINA,VALERIIA,0
1589,KARINA,LUDMILA,0
661,KONSTANTIN,KONSTANTIN,1
198,ARINA,ELENA,0
1275,YURI,IURII,1
279,DANIS,DANIS,1
1075,SHIBING,SHIBING,1
1716,YULIYA,NATALIA,0
445,EVGENIYA,EVGENIIA,1
1349,MASLINA,ANASTASIYA,0
1462,ELENA,YELIZAVETA,0
968,OXANA,OKSANA,1
963,OSIMKHON,OSIMKHON,1
1516,OLGA,NATALIA,0
176,ANNA,YANA,0
1213,VIKTORIYA,VIKTORIA,1
237,AZAMAT,AZAMAT,1
1560,RIMMA,TATIANA,0
836,MAXIM,YAHIA,0
258,BORIS,BORISMR,1
318,DENIS,LEONID,0
1121,TATYANA,TAMARA,0
116,ALISA,ALISA,1
1017,RENAT,ROMAN,0
538,IRIDA,IRIDA,1
85,ALFIYA,ALFIYA,1
1765,KHURSHIDJON,KHURSHED,1
770,MARAT,SAFRA,0
1181,VASILIY,VALERIY,0
1048,SAMIRA,SAMIRA,1
633,KAPITALINA,KAPITOLINA,1
554,IRINA,ILMIRA,0
1696,KSENIYA,SARIUNA,0
1649,NATIG,VASILII,0
1358,BEHZODJON,SHUHRATJON,0
946,OLEKSANDR,ALEKSANDR,1
1512,IULIIA,NATALIA,0
1323,NATALIA,KONSTANTIN,0
1723,OKSANA,GULNARA,0
1140,ULYANA,ULJYANA,1
829,MARIYA,YANINA,0
1387,ANTONINA,KONSTANTIN,0
1520,MIKHAIL,NIKOLAY,0
274,DANIIL,DANIIL,1
1489,NIKITA,KSENIIA,0
282,DARIA,ALIYA,0
823,MARIYA,IRINA,0
433,EVGENIIA,EVGENIIA,1
1318,VIKTORIYA,EKATENRINA,0
1591,KHAMISHA,TATIANA,0
997,POPOV,POPOV,1
203,ARINA,SAIDA,0
638,KARINA,ARIANA,0
903,NATALIIA,NATALIA,1
682,KUSHNEROV,KUSHNEROV,1
750,MADINA,MADINA,1
669,KSENIIA,EVGENIIA,0
799,MARIIA,ZAMIRA,0
710,LILIIA,ALINA,0
660,KLARA,OKSANA,0
5,AFANASII,AFANASII,1
1142,UMIDAKHON,UMIDAKHON,1
114,ALIONA,TATIANA,0
109,ALINA,TATIANA,0
1061,SERGEI,SERGEI,1
463,GALINA,DANILA,0
1422,ESENIIA,ALEKSANDRA,0
302,DARYA,ARINA,0
711,LILIIA,ILIA,0
965,OVANOVA,OVANOVA,1
62,ALEXANDER,ALEKSANDR,1
1590,ALBINA,NATALYA,0
92,ALINA,ALINA,1
1288,ZALINA,LARISA,0
285,DARIA,DARIA,1
53,ALENA,MARINA,0
243,BAKHTOVAR,BAKHTOVAR,1
603,IURII,IRINA,0
1354,ALISA,VLADISLAVA,0
732,LIUDMILA,LIDIIA,0
859,MIROSLAVNA,MIROSLAVNA,1
705,LIDIIA,LUDMILA,0
637,KARINA,ALISA,0
187,ANVAR,ANVAR,1
261,BULAT,BULAT,1
1638,VIKTOR,MIKHAIL,0
1618,SERGEI,VALERII,0
912,NATALYA,NATALYA,1
121,ALISA,MARIIA,0
1770,SERGEI,SEREZHA,1
93,ALINA,ANNA,0
382,ELENA,ELENA,1
1567,KARINA,LIAISAN,0
708,LIKA,LIKA,1
1391,ARMANDZH,ALEKSANDRA,0
939,NURSULTAN,NURSULTAN,1
1084,SOFIYA,SOFIIA,1
1250,YELENA,YELENA,1
695,LEVAN,LEVAN,1
1595,INNA,TATYANA,0
360,DZHURAGIR,DJURAGIR,1
217,ARTUR,ARUTR,1
709,LILIA,LILIA,1
1328,KHASAN,KONSTANTIN,0
627,KAMILA,DARIA,0
855,MILENA,MARINA,0
900,NATALIA,VITALIY,0
658,KLARA,ELENA,0
205,ARKADII,ARKADIY,1
1245,YANA,IANA,1
1036,ROZALIYA,ROZALIIA,1
909,NATALIYA,NATALIYA,1
88,ALI,ILIA,0
1637,ELENA,SARYUNA,0
880,NADIA,NATALIA,0
645,KHABIBULLO,HABIBULLO,1
667,KSENIA,SOFIA,0
1557,ROBIA,BUMAIRA,0
570,IRINA,NAIDA,0
1396,VENIAMIN,KONSTANTIN,0
81,ALFIIA,AMINA,0
888,NAJMUDIN,NAZHMUDIN,1
672,KSENIIA,KSENIYA,1
473,GALINA,MARIYA,0
1648,OLGA,RAMILYA,0
1204,VIKTORIA,VIKTORIA,1
937,NURKHAGA,NURKHAGA,1
552,IRINA,GALINA,0
330,DIANA,OKSANA,0
1083,SOFIYA,POLINA,0
1386,FATIMA,ANASTASIIA,0
260,BRONTOI,BRONTOI,1
845,MIKHAIL,MIHAIL,1
1248,YAROSLAV,IAROSLAV,1
131,AMANMUHAMMET,AMANMUHAMMET,1
4,ADYS,ADYS,1
1453,EVGENIIA,YEKATERINA,0
317,DENIS,DENIS,1
1243,VYACHESLAV,VYACHESLAV,1
1367,MAFTUNAKHON,NARGIZAHON,0
994,POLINA,SOFIIA,0
1763,YULIYA,UYLIA,1
808,MARINA,DANILA,0
199,ARINA,KAMILA,0
1730,MAXSIM,RAVSHAN,0
1477,EKATERINA,KSENIIA,0
1375,BEKZAD,ALEKSANDER,0
415,ELZA,ELZA,1
1091,SUIUNBEK,SUIUNBEK,1
607,IVAN,IVAN,1
1693,ZHANNA,NATALIA,0
228,ASIF,ASIF,1
1070,SHAKHNOZA,SHAKHNOZA,1
1079,SOFIA,DARIA,0
498,GULSHAT,GULSHAT,1
321,DIANA,ALINA,0
623,KADRIYA,KADRIIA,1
1286,ZAKHAR,ZAKHAR,1
1336,KSENIA,ALEKSANDRA,0
1218,VITALII,VITALIY,1
494,GULINA,ALBINA,0
1492,OLEG,ALEKSEY,0
373,EKATERINA,ZATYKINA,0
428,EVGENIA,EVGENIA,1
248,BEKZHAN,BEKZHAN,1
50,ALENA,ALENA,1
138,AMIRBEK,AMIRBEK,1
1052,SARDAANA,DURDANA,0
477,GENNADII,GENNADII,1
962,OLIVIIA,OLIVIYA,1
1270,YULIYA,YLIA,1
1726,VUSALA,TATIANA,0
1751,YLIA,IULIIA,1
185,ANUAR,ANUAR,1
492,GRIGORII,GRIGORII,1
755,MAIIA,MAIIA,1
182,ANTONE,ANTON,1
915,NELLI,NELLI,1
147,ANASTASIIA,ANASTASIA,1
38,ALEKSANDRA,ALEKSANDRA,1
381,ELENA,EGINE,0
713,LILIIA,LILIIA,1
776,MARIA,IRINA,0
1300,ZHYPARA,ZHYPARA,1
889,NAMIK,VADIM,0
975,PAVEL,SAVELII,0
1351,ZHAVLON,SHARIFCHON,0
229,ASKAR,ASKAR,1
1029,ROMAN,KOMIL,0
173,ANGELINA,GUZELIIA,0
355,DULUUR,DULUUR,1
773,MARGARITA,MARGARIA,1
615,JULIA,GALINA,0
1694,INNA,MIKHAIL,0
377,ELENA,ALESIA,0
113,ALIONA,ELENA,0
168,ANDREY,ANDREJ,1
189,ANZHELIKA,ANZHELIKA,1
353,DUGAR,DUGAR,1
1651,ELENA,MAFTUNA,0
656,KIRILL,IRINA,0
1156,VALERII,NALERII,1
1514,NIGINA,NATALYA,0
374,EKATETINA,EKATERINA,1
1614,ROMAN,NIKOLAI,0
1228,VITOLD,VITOLD,1
1676,SERGEY,ALEKSEI,0
1402,KHUSNIDDIN,KONSTANTIN,0
679,KSENKA,KSENIYA,1
766,MARAT,MARAT,1
517,ILMIR,ILMIR,1
76,ALEXEY,ANDREY,0
416,ELZARA,ZAIRA,0
74,ALEXEY,ALEKSEY,1
459,FILIPP,FILIPP,1
1762,BEKHRUZDZHON,BEHRUZJON,1
486,GERMAN,GERMAN,1
434,EVGENIIA,EVGENIYA,1
914,NAZIM,NAZIM,1
525,ILSUR,ILSUR,1
1626,ELENA,PETIMAT,0
358,DZHAMBUL,DZAMBUL,1
1748,NIKOLAY,MIKHAIL,0
1641,EKATERINA,KETEVAN,0
1135,ULIANA,ULIANA,1
1299,ZHASURBEK,ZHASURBEK,1
1376,SOFIIA,ANASTASIIA,0
969,OYBEK,OYBEK,1
31,ALEKSANDER,ALEKSANDR,1
1431,TATIANA,NURGUIAANA,0
1553,ANNA,NATALYA,0
446,EVGENIYA,EVGENIIU,1
1344,ANASTASIIA,KHRYSTSINA,0
1096,SVETLANA,SVETLANA,1
255,BOGDAN,BOGDAN,1
1008,RAMAZAN,RAMAZAN,1
481,GEORGII,GEORGIY,1
730,LIUBOV,LIUBOV,1
218,ARTUR,BATYR,0
1758,ALEXIUS,ALEKSEY,1
464,GALINA,DARIA,0
298,DARIA,SABRINA,0
1653,ALEKSEY,VALERII,0
941,OKSANA,DIANA,0
284,DARIA,DANIIL,0
804,MARINA,ALBINA,0
1409,NADIRA,ANASTASIYA,0
1628,ASRUDDIN,RADLINA,0
1294,ZARINA,ZARINA,1
493,GULFIIA,GULFIIA,1
1552,IVAN,NIKOLAY,0
289,DARIA,DENIS,0
1230,VLADA,KHAVA,0
1397,ELENA,ANDZHELINA,0
1134,ULIANA,TATIANA,0
1662,ZIKRULLO,MIKHAIL,0
1370,KSENIYA,ANASTASIYA,0
1334,MARGARITA,ANASTASIYA,0
1381,DARIIA,ANASTASIIA,0
1238,VLADISLAVA,VLADISLAVA,1
1646,IANA,ANZHELA,0
1077,SIARHEI,SIARHEI,1
1197,VICTORIA,VIKTORIYA,1
949,OLESIA,OLESIA,1
642,KAZBEK,KAZBEK,1
1034,ROSTISLAV,ROSTISLAV,1
508,IGOR,IGOR,1
1624,KSENIYA,ZINAIDA,0
598,IULIIA,MARIIA,0
702,LIDIA,LIDIYA,1
810,MARINA,ELINA,0
8,AIDA,AIDA,1
1383,ALAN,ALEKSANDRA,0
998,PRASKOVIA,PRASKOVIA,1
742,LYDIA,LIDIYA,1
605,IURII,IURII,1
979,POLINA,ALISA,0
163,ANDREI,ANDREI,1
460,FIRGAT,FIRGAT,1
787,MARIIA,ALIIMA,0
1405,TATIANA,MAMLIAKIAT,0
1214,VIKTORIYA,VIKTORIIA,1
673,KSENIYA,EVGENIYA,0
568,IRINA,MILANA,0
308,DARYA,MARIIA,0
323,DIANA,DARIA,0
1068,SERIKZHAN,SERIKZHAN,1
1417,SABINA,ANASTASIIA,0
78,ALEXSEY,ALEXSEY,1
728,LINARA,TAMARA,0
839,MEITONG,MEITONG,1
716,LILIN,LI-LIN,1
344,DMITRIY,DMITRII,1
108,ALINA,POLINA,0
942,OKSANA,OKSANA,1
565,IRINA,MARIA,0
1281,YURY,YURIJ,1
1732,ANNA,KSENIIA,0
1011,RAMZAN,RAMZAN,1
1125,TATYANA,TATYANA,1
1678,IULIA,KSENIIA,0
1600,AMINAT,TATYANA,0
273,DAMIRA,MARINA,0
468,GALINA,IRINA,0
79,ALFAGA,ALFAGHA,1
760,MAKSIM,MANSUR,0
6,AFSANA,MILANA,0
950,OLESIA,OLESYA,1
82,ALFIIA,IULIIA,0
157,ANATOLII,ANATOLY,1
319,DENIS,RENAT,0
1574,VITALIA,TATYANA,0
527,ILYA,ILYA,1
1316,ALINA,ALEKSANDRA,0
26,ALBINA,ELENA,0
1513,MARUF,NARIMAN,0
472,GALINA,MARIIA,0
614,JULIA,ELINA,0
264,CHINGIS,CHINGIS,1
227,ASHOT,ASHOT,1
40,ALEKSEI,ALEKSEI,1
1708,MATVEI,TIMOFEI,0
3,ADELINA,ADELINA,1
1408,RUZALIYA,ANASTASIYA,0
1661,ILDUS,ALEKSEI,0
874,NADEZDA,NADEZHDA,1
430,EVGENII,EVGENIY,1
602,IURII,DMITRII,0
737,LIZA,LIZA,1
106,ALINA,MARIIA,0
268,DAMDIN,DAMDIN,1
1303,ZULFIYA,ZULFIIA,1
1761,NALIIA,NATALIYA,1
230,ASLAN,ASLAN,1
1146,VADIM,VLADIMIR,0
759,MAKSIM,MAKSIM,1
785,MARIANNA,TATIANA,0
137,AMINZHON,TOLIBZHON,0
1544,DMITRII,EVGENII,0
928,NIKOLIYA,ANATOLIY,0
1200,VIKTOR,VICTOR,1
1509,KRISTINA,JIAYING,0
877,NADEZHDS,NADEZHDA,1
528,ILYA,OLGA,0
1150,VALENTINA,VALEHTINA,1
346,DMITRIY,DMITRY,1
144,ANASTASIA,ANASTASIYA,1
342,DMITRII,DMITRIY,1
413,ELVIRA,ALINA,0
940,OKHUNDZON,OKHUNJON,1
936,NURIZA,NURIZA,1
1012,RAPFAEL,RAPHAEL,1
402,ELINA,IULIIA,0
958,OLGA,OLJGA,1
104,ALINA,LARISA,0
664,KSENIA,ELENA,0
830,MARK,MARK,1
1531,ANNA,KSENIYA,0
1680,SEMEN,EVGENII,0
471,GALINA,MADIN,0
1559,INESSA,KSENIIA,0
1000,RADISLAV,RADISLAV,1
1562,ELINA,TATYANA,0
793,MARIIA,LILIIA,0
1347,MIKHEEVA,POKHVALOVA,0
706,LIIA,LIIA,1
1671,SERGEY,KSENIIA,0
1468,ANDREI,VASILII,0
22,ALBENA,GALINA,0
891,NARGIZ,MARIIA,0
1655,NINA,ANZHELA,0
842,MIHAIL,MIKHAIL,1
1090,STEPAN,STEPAN,1
479,GENNADY,GENNADY,1
543,IRINA,ALINA,0
115,ALIPAT,ALIPAT,1
1572,ALENA,NATALIA,0
634,KAREN,KAREN,1
322,DIANA,ARINA,0
1322,ANASTASIIA,PARASKOVIA,0
1040,RUSLANA,RUSLANA,1
678,KSENIYA,KSENIYA,1
214,ARTEMII,ARTEMIY,1
1058,SEMEN,SEMEN,1
1180,VASILISA,VASILISA,1
1001,RADY,RADII,1
376,ELENA,ALBINA,0
184,ANTONINA,ANTONINA,1
956,OLGA,OLEG,0
617,JULIA,LILIIA,0
1272,YULIYA,YULIIA,1
165,ANDREI,ANDREYMR,1
1132,TORNIKE,TORNIKE,1
1235,VLADISLAV,VLADIMIR,0
542,IRINA,ALIDA,0
72,ALEXEI,ANDREI,0
609,JANNA,DARYA,0
783,MARIANNA,MARIANNA,1
1264,YULIYA,GULZIRA,0
907,NATALIYA,NATALIA,1
764,MARAT,IBADAT,0
1666,AKROM,ALEKSEY,0
875,NADEZHDA,NADEZDA,1
506,IASIN,IASIN,1
332,DIIYA,DIIIA,1
1267,YULIYA,LUIZA,0
878,NADIA,FATIMA,0
1232,VLADIMIR,VLADIMIR,1
1223,VITALIY,VITALIY,1
1719,ALENA,TAISIIA,0
885,NAIDA,NAIDA,1
1469,ILIA,DMITRIY,0
1423,VALENTIN,KONSTANTIN,0
1324,VASILINA,ANASTASIIA,0
397,ELENA,ZALINA,0
281,DARIA,ALISA,0
212,ARTEM,ARTEM,1
1249,YELENA,ALINA,0
599,IULIIA,YULIA,1
73,ALEXEY,ALEKSEI,1
1107,TATIANA,LIANA,0
159,ANATOLY,ANATOLII,1
1143,VADIM,MALIK,0
1729,IMIN,VITALIY,0
57,ALESIA,ALESIA,1
1475,IVANNA,NATALIA,0
1727,ADELINA,TATYANA,0
1501,ELENA,TATIANA,0
1543,DARIA,KOZHINA,0
1533,DARIA,NATALYA,0
553,IRINA,IANA,0
1526,DANIIL,DMITRII,0
1234,VLADISLAV,VIACHESLAV,0
1715,MELANIIA,EMILIYA,0
905,NATALIY,NATALIA,1
625,KAIRAT,KAIRAT,1
1750,ALEKSEI,ALEXEY,1
